Symbol,marketCap
RELIANCE,174889554.79
TCS,137248531.91
HDFCBANK,129740454.00
ICICIBANK,69902440.89
INFY,64037070.70
HINDUNILVR,62591936.42
BHARTIARTL,58028012.50
ITC,57649787.67
SBIN,57300470.92
LICI,52655605.86
LT,48466573.59
BAJFINANCE,45287186.02
HCLTECH,39785043.97
KOTAKBANK,37924093.15
AXISBANK,33991569.44
ASIANPAINT,32635745.61
TITAN,32630136.42
ADANIENT,32478061.94
MARUTI,32390853.58
ULTRACEMCO,30320905.71
SUNPHARMA,30218424.28
NTPC,30171176.68
BAJAJFINSV,26896750.41
DMART,26567153.60
TATAMOTORS,25916546.07
ONGC,25795862.51
NESTLEIND,25627586.56
ADANIGREEN,25296998.67
WIPRO,24621822.53
COALINDIA,23171858.51
ADANIPORTS,22127383.28
POWERGRID,22061032.26
JSWSTEEL,21526108.54
M&M,21505587.60
ADANIPOWER,20254714.85
BAJAJ-AUTO,19233319.02
HAL,18752451.00
LTIM,18627749.32
IOC,18336428.04
DLF,17980688.42
TATASTEEL,17167076.78
VBL,16069990.04
JIOFIN,14799975.52
SBILIFE,14343767.15
SIEMENS,14332771.90
GRASIM,14056564.79
HDFCLIFE,13908315.74
HINDALCO,13817010.79
PIDILITIND,13809215.54
BEL,13464612.60
HINDZINC,13438627.08
IRFC,12983560.71
BRITANNIA,12858633.55
PFC,12626189.33
INDUSINDBK,12435548.72
TECHM,12421247.99
BANKBARODA,11951018.00
ADANIENSOL,11665264.73
GODREJCP,11570143.56
INDIGO,11451378.19
EICHERMOT,11343887.84
RECLTD,10871265.28
ATGL,10865573.71
TRENT,10859964.19
ZOMATO,10775402.68
GAIL,10658236.52
TATAPOWER,10613320.31
CHOLAFIN,10577709.89
PNB,10543047.40
DIVISLAB,10363627.89
AMBUJACEM,10343226.00
SHREECEM,10338324.97
TATACONSUM,10096498.61
CIPLA,10062008.01
ABB,9906398.67
DABUR,9873789.66
LODHA,9871487.55
BPCL,9775737.49
DRREDDY,9671442.03
TVSMOTOR,9624314.76
VEDL,9610836.73
UNIONBANK,8828225.83
HAVELLS,8572710.51
BAJAJHLDNG,8541331.72
HEROMOTOCO,8274428.64
POLYCAB,8236220.52
APOLLOHOSP,8201620.62
IOB,8184744.51
MCDOWELL-N,8129964.16
MANKIND,7941665.82
CANBK,7936819.85
TORNTPHARM,7803028.84
IDEA,7788750.27
SHRIRAMFIN,7710994.50
ICICIPRULI,7702120.53
JINDALSTEL,7631279.05
SRF,7349112.47
IDBI,7247119.07
SBICARD,7221762.14
IRCTC,7100000.00
MARICO,7096677.34
BERGEPAINT,7048447.27
ICICIGI,6989615.65
ZYDUSLIFE,6976110.93
CGPOWER,6939976.65
MOTHERSON,6908561.58
COLPAL,6880420.58
TIINDIA,6848575.55
HDFCAMC,6842162.20
BHEL,6739533.62
JSWENERGY,6727545.82
MAXHEALTH,6669156.17
NAUKRI,6650537.84
BOSCHLTD,6548708.84
NHPC,6489092.48
AUROPHARMA,6351574.52
IDFCFIRSTB,6277712.79
INDHOTEL,6226324.90
ALKEM,6220488.69
YESBANK,6168929.94
NMDC,6144015.16
SOLARINDS,6087718.45
LUPIN,6023238.66
MUTHOOTFIN,5926725.06
SUPREMEIND,5770767.19
BHARATFORG,5765616.82
PATANJALI,5701418.93
PERSISTENT,5684295.95
INDIANB,5669371.40
HINDPETRO,5658589.35
PGHH,5637147.64
GODREJPROP,5597911.05
LTTS,5555848.02
MRF,5495641.29
TATAELXSI,5451337.04
CUMMINSIND,5444069.40
GICRE,5404429.20
INDUSTOWER,5364272.00
PIIND,5334257.31
ASHOKLEY,5330539.07
AUBANK,5264624.10
OBEROIRLTY,5248052.89
CONCOR,5237798.86
FACT,5214105.97
SUZLON,5186296.93
MPHASIS,5171663.09
BANKINDIA,5126304.02
ASTRAL,5124194.51
SAIL,5107394.52
TATACOMM,5045355.00
SCHAEFFLER,5006406.55
BALKRISIND,4965448.68
NYKAA,4964808.98
GMRINFRA,4861953.92
LINDEINDIA,4810200.75
TATATECH,4787497.16
UCOBANK,4752493.37
PRESTIGE,4725758.04
UBL,4720028.52
JSL,4710869.28
AWL,4612559.37
MAZDOCK,4600347.21
TORNTPOWER,4488239.84
UPL,4407943.37
JSWINFRA,4374303.26
CENTRALBK,4349150.66
ABCAPITAL,4325673.69
PAGEIND,4295663.61
DALBHARAT,4267083.66
APLAPOLLO,4264805.40
3MINDIA,4202901.86
ACC,4152445.85
KPITTECH,4150126.04
L&TFH,4105747.75
FLUOROCHEM,4063626.13
OIL,4035613.93
PAYTM,4033980.96
PHOENIXLTD,4010390.16
UNOMINDA,3941110.80
DIXON,3927782.98
SUNDARMFIN,3897856.72
BANDHANBNK,3888730.40
COFORGE,3869387.16
FEDERALBNK,3801009.23
RVNL,3785353.99
SONACOMS,3779617.47
JUBLFOOD,3728455.30
COROMANDEL,3684776.61
THERMAX,3671801.38
OFSS,3649032.45
KALYANKJIL,3647417.87
POLICYBZR,3580969.87
SJVN,3574148.71
NLCINDIA,3514430.49
AIAENG,3479950.05
NIACL,3466568.00
METROBRAND,3458671.86
M&MFIN,3418711.29
DEEPAKNTR,3384184.13
POONAWALLA,3348032.64
PETRONET,3339750.20
ESCORTS,3296273.62
MFSL,3293430.26
HONAUT,3257835.98
VOLTAS,3237210.85
GLAXO,3215580.63
MAHABANK,3197240.20
GUJGASLTD,3176920.43
CRISIL,3170754.26
GLAND,3169688.51
FORTIS,3164784.56
BDL,3138416.48
STARHEALTH,3124399.46
MANYAVAR,3078732.66
ZFCVINDIA,3036122.20
LLOYDSME,3027935.67
BSE,3006979.69
BIOCON,2997297.90
LICHSGFIN,2948887.74
KEI,2932350.41
IGL,2928453.35
ANGELONE,2927791.86
JKCEMENT,2927114.52
ITI,2926381.17
PSB,2924614.85
APOLLOTYRE,2883675.85
DELHIVERY,2861153.18
IPCALAB,2824108.50
SYNGENE,2819934.22
KPRMILL,2819281.87
TATACHEM,2812764.07
SUNTV,2806670.66
NAM-INDIA,2806484.78
IREDA,2763022.12
MSUMI,2730034.15
ENDURANCE,2719294.18
EXIDEIND,2701725.00
KANSAINER,2693924.95
AJANTPHARM,2669679.79
HINDCOPPER,2646261.23
ZEEL,2638546.85
SUNDRMFAST,2624293.21
GRINDWELL,2578779.52
MEDANTA,2574621.23
360ONE,2543842.94
CREDITACC,2541324.54
CYIENT,2539983.77
HATSUN,2536323.15
HUDCO,2521393.05
JBCHEPHARM,2518924.95
IRB,2509204.50
GODREJIND,2506488.91
EMAMILTD,2460768.75
NH,2456314.68
TIMKEN,2446075.62
APARINDS,2431548.78
NATIONALUM,2423435.64
RAMCOCEM,2411009.30
GLENMARK,2409574.97
RATNAMANI,2357369.19
AARTIIND,2354826.21
DEVYANI,2336351.58
MRPL,2333585.27
ISEC,2320496.59
LAURUSLABS,2317276.28
IIFL,2280873.45
SKFINDIA,2274195.74
RELAXO,2249160.12
KIOCL,2237435.66
POWERINDIA,2231119.71
RADICO,2217206.33
TATAINVEST,2166515.87
LALPATHLAB,2151808.59
FIVESTAR,2147564.43
ABFRL,2123241.77
BATAINDIA,2122503.80
CARBORUNIV,2115887.59
GILLETTE,2112418.16
ATUL,2111103.06
PEL,2092517.70
SONATSOFTW,2082855.32
KAJARIACER,2073065.29
BRIGADE,2070891.30
ASTERDM,2047004.52
PNBHOUSING,2027460.80
IDFC,2026380.29
SUMICHEM,2016798.35
CROMPTON,1990365.77
BSOFT,1988287.78
CHOLAHLDNG,1952979.49
PFIZER,1952947.81
BLUESTARCO,1947172.04
NAVINFLUOR,1909454.80
CDSL,1906498.00
SANOFI,1858006.95
TRIDENT,1849831.91
MOTILALOFS,1843042.15
SUVENPHAR,1839995.50
PPLPHARMA,1836913.48
AFFLE,1830774.21
VINATIORGA,1791953.65
TTML,1791691.26
CIEINDIA,1785658.71
COCHINSHIP,1780991.11
CASTROLIND,1777947.49
RRKABEL,1772834.01
JYOTHYLAB,1758562.20
CESC,1756380.82
BLUEDART,1746957.28
WHIRLPOOL,1734147.61
JBMA,1731374.52
GSPL,1726486.81
ELGIEQUIP,1725728.05
CENTURYPLY,1715064.40
RBLBANK,1683123.98
CELLO,1670576.58
KAYNES,1668613.25
RHIM,1662852.73
CLEAN,1645879.17
FINCABLES,1635151.01
INDIAMART,1632572.43
INOXWIND,1628927.61
PVRINOX,1628074.64
IRCON,1612043.98
DCMSHRIRAM,1603710.57
SHYAMMETL,1601396.56
APTUS,1595309.49
CGCL,1587287.62
KIMS,1583909.96
TVSHLTD,1561989.24
EIHOTEL,1560283.63
CHAMBLFERT,1554120.12
CONCORDBIO,1539741.29
FINEORG,1526330.26
KEC,1514764.68
NSLNISP,1506331.41
IEX,1498043.79
APLLTD,1492700.36
TEJASNET,1478312.05
NATCOPHARM,1474211.48
TANLA,1471864.86
NBCC,1467900.00
LAXMIMACH,1467710.66
MANAPPURAM,1455867.73
WELCORP,1434327.08
CHALET,1430471.42
POLYMED,1429474.75
HONASA,1418264.33
TITAGARH,1405320.77
WELSPUNLIV,1403777.36
ASAHIINDIA,1401656.54
GESHIP,1394549.63
ARE&M,1393830.00
ZENSARTECH,1383254.10
REDINGTON,1382072.33
ASTRAZEN,1381650.00
NUVOCO,1366122.29
BIKAJI,1365905.32
CENTURYTEX,1365535.54
HAPPSTMNDS,1364458.44
HSCL,1363949.70
KARURVYSYA,1355569.68
J&KBANK,1354454.43
ABSLAMC,1352115.39
SWANENERGY,1348615.87
SFL,1348281.82
TRITURBINE,1348274.93
BASF,1327289.22
JINDALSAW,1317546.84
BLS,1315100.46
JWL,1315010.52
RKFORGE,1311892.73
FINPIPE,1309206.27
CAMS,1302432.90
ALKYLAMINE,1296284.17
GMDCLTD,1294260.00
GET&D,1288810.23
FSL,1288387.54
WESTLIFE,1273764.56
ECLERX,1270541.23
VGUARD,1267855.78
NUVAMA,1264325.21
MAHSEAMLES,1239962.08
ERIS,1237811.56
AEGISCHEM,1235169.00
SIGNATURE,1232770.55
JAIBALAJI,1222398.88
AAVAS,1212567.41
RAINBOW,1210965.88
HBLPOWER,1209678.74
RITES,1207276.68
KSB,1206700.93
HFCL,1202312.32
SYRMA,1191595.89
EQUITASBNK,1190616.19
AKZOINDIA,1187440.92
MGL,1185827.22
BEML,1178206.19
AETHER,1176118.57
GNFC,1169914.89
KPIL,1152068.11
RAYMOND,1147165.25
INTELLECT,1142934.51
CRAFTSMAN,1142249.31
BAJAJELEC,1137552.60
ANURAS,1132118.24
VTL,1116648.49
UJJIVANSFB,1113272.88
BIRLACORPN,1109608.55
GRINFRA,1106315.65
OLECTRA,1105463.37
CUB,1103552.97
UTIAMC,1102147.25
BBTC,1098419.02
GODFRYPHLP,1096473.78
NEWGEN,1094659.22
RAILTEL,1084771.82
ANANDRATHI,1082617.31
RAJESHEXPO,1082275.38
GRAPHITE,1074956.52
GODREJAGRO,1071479.45
ZYDUSWELL,1069719.97
GPIL,1066742.14
ALOKINDS,1060078.83
IBULHSGFIN,1059353.00
JKLAKSHMI,1058324.57
AMBER,1056433.24
RTNINDIA,1053980.56
SPLPETRO,1052279.35
MAPMYINDIA,1051346.93
NCC,1046934.19
DATAPATTNS,1041973.63
ELECON,1040037.58
CHENNPETRO,1036423.34
CANFINHOME,1035473.05
CAPLIPOINT,1029870.43
TTKPRESTIG,1027545.73
PRAJIND,1021444.77
CERA,1020609.95
SWSOLAR,1007275.35
RENUKA,1003582.93
ROUTE,1001028.51
GRSE,1000325.34
EIDPARRY,988595.46
ACE,987378.32
GALAXYSURF,984135.28
INGERRAND,983106.44
GRANULES,982683.96
CEATLTD,981723.73
JKTYRE,980737.60
SCHNEIDER,978413.71
HAPPYFORGE,969603.75
ENGINERSIN,963621.65
GSFC,961924.76
ANANTRAJ,956408.28
JPPOWER,956057.51
SBFC,955656.81
KIRLOSENG,949669.80
LEMONTREE,949507.39
PCBL,949507.18
JMFINANCIL,938913.76
LATENTVIEW,936965.93
SOBHA,934895.57
SPARC,930664.73
SAFARI,928202.83
PRSMJOHNSN,924917.72
MINDACORP,923444.29
NETWORK18,914509.53
ESABINDIA,905378.95
SAPPHIRE,905096.19
USHAMART,903407.01
PNCINFRA,901606.90
MMTC,897000.00
MEDPLUS,896036.30
SARDAEN,892405.57
RPOWER,888005.63
RCF,879942.52
TVSSCS,870856.11
JUBLPHARMA,868798.97
TV18BRDCST,865751.88
BALAMINES,864620.69
MASTEK,863585.78
TECHNOE,860790.72
METROPOLIS,859608.74
KRBL,858565.98
DEEPAKFERT,857659.78
RATEGAIN,857186.92
CCL,856367.24
CAMPUS,854563.53
VIPIND,848277.28
MAHSCOOTER,847919.75
VARROC,846742.23
SURYAROSNI,845569.86
MAHLIFE,842169.49
GAEL,841775.33
RELINFRA,831083.25
BALRAMCHIN,828079.78
IONEXCHANG,824559.57
KFINTECH,822489.72
HOMEFIRST,821762.27
PGHL,821295.92
PRINCEPIPE,821192.41
RESPONIND,818220.88
PTCIL,813755.76
KTKBANK,811563.51
JUBLINGREA,810103.87
GLS,805064.78
MANINFRA,804499.63
SPANDANA,803136.52
INDIACEM,802323.85
ACI,801710.11
INOXINDIA,801078.65
LXCHEM,799298.33
TMB,798803.91
CHEMPLASTS,790468.82
ALLCARGO,790402.50
EMIL,786426.47
SANDUMA,784586.67
MIDHANI,783362.21
QUESS,776467.37
TEGA,765529.66
MHRIL,765343.12
SHOPERSTOP,759645.16
DOMS,759075.95
SCI,758786.59
GRAVITA,756759.09
TRIVENI,754541.30
GPPL,739904.78
HEG,736537.34
EDELWEISS,734697.52
DBREALTY,730678.96
MARKSANS,730247.67
RUSTOMJEE,729063.11
VESUVIUS,728913.42
STARCEMENT,727524.75
PDSL,726346.77
CSBBANK,726298.41
IFCI,725722.44
GMMPFAUDLR,724665.49
ISGEC,721618.61
KNRCON,721226.13
EASEMYTRIP,715018.39
SAREGAMA,714744.78
JLHL,714604.07
INDIGOPNTS,709597.57
LTFOODS,705617.98
KIRLOSBROS,705190.97
RELIGARE,702629.24
JAICORPLTD,693186.73
VIJAYA,691299.47
JKPAPER,689128.74
UJJIVAN,687948.83
ROLEXRINGS,686333.93
GARFIBRES,685929.17
ARVIND,683967.51
JUSTDIAL,682097.88
GREENLAM,680734.07
VRLLOG,680642.46
MTARTECH,679264.05
NEULANDLAB,678880.75
POWERMECH,677466.00
GOCOLORS,676030.45
ZENTEC,667815.69
NETWEB,665799.67
SIS,662082.07
VOLTAMP,659696.93
ELECTCAST,658228.01
BECTORFOOD,657579.36
VAIBHAVGBL,656754.38
TEXRAIL,656083.45
SUNTECK,652664.44
RSYSTEMS,649604.22
REDTAPE,649548.93
IWEL,645930.63
FDC,645460.58
EPL,642903.30
SHRIPISTON,641365.44
TCI,639076.37
THOMASCOOK,639011.99
BLUEJET,638526.23
NAVA,635903.55
HNDFDS,631810.03
MOIL,628769.30
NESCO,621950.07
PGEL,617720.97
SYMPHONY,612823.32
WOCKPHARMA,611494.60
ICIL,609710.29
SHAREINDIA,609200.07
INDIASHLTR,608746.28
JINDWORLD,608378.89
TATACOFFEE,599159.35
CMSINFO,598810.80
GENUSPOWER,597719.91
INFIBEAM,597350.60
STAR,596533.26
NIITMTS,591753.35
UTKARSHBNK,591151.85
TIIL,582515.04
FUSION,582301.67
BORORENEW,574213.77
ASKAUTOLTD,572699.25
ASTRAMICRO,572613.34
AVANTIFEED,572299.77
JSWHL,570814.87
GUJALKALI,570485.92
STLTECH,569844.92
NAZARA,566880.36
GABRIEL,564664.33
SUPRAJIT,562803.85
PTC,562563.81
DBL,562488.99
SOUTHBANK,558761.85
GHCL,555353.42
RBA,554802.34
PARADEEP,552800.72
HGINFRA,552357.75
ICRA,552026.29
RAMKY,547908.11
KESORAMIND,547503.22
SANSERA,546012.51
ARVINDFASN,545213.06
SENCO,541040.38
AURIONPRO,540176.51
TEAMLEASE,536277.81
CYIENTDLM,535118.07
AGI,534465.06
KPIGREEN,530392.92
HEIDELBERG,527328.72
TCIEXP,526882.91
VSTIND,526067.61
GREENPANEL,525090.51
DODLA,522465.20
AHLUCONT,519488.53
RAIN,518981.38
GATEWAY,518630.30
ORIENTCEM,514425.46
ETHOSLTD,511335.25
HCG,509065.79
FEDFINA,502377.20
GOKEX,500920.69
PRUDENT,498080.95
ITDCEM,490711.23
BBOX,488854.27
JPASSOCIAT,486009.94
RALLIS,485880.52
ORIENTELEC,484233.91
RTNPOWER,483309.53
DHANUKA,481762.88
WSTCSTPAPR,481760.73
WONDERLA,476941.37
DBCORP,475996.84
MASFIN,475423.12
LLOYDSENGG,472773.98
IBREALEST,472070.05
KKCL,472048.92
MSTCLTD,471116.80
TINPLATE,470585.70
PATELENG,465330.76
TI,463537.45
PRICOLLTD,462966.87
SHANTIGEAR,460678.70
HGS,460364.74
PRIVISCL,459475.08
CHOICEIN,458003.98
AARTIPHARM,457162.90
BANCOINDIA,457111.45
MAXESTATES,456558.49
NOCIL,455859.33
JAYNECOIND,454912.68
WELENT,451575.06
AARTIDRUGS,449746.02
IIFLSEC,449184.49
NFL,448879.24
JAMNAAUTO,445495.22
PURVA,443232.76
ROSSARI,441423.42
TIPSINDLTD,439090.51
JKIL,436816.97
HEMIPROP,436620.00
GALLANTT,433823.14
HCC,432726.08
MUTHOOTMF,428191.10
DATAMATICS,427336.69
ORISSAMINE,425637.00
JISLJALEQS,423508.17
KALAMANDIR,421756.81
SULA,420732.15
HMAAGRO,420646.61
ADVENZYMES,419731.67
IPL,419310.33
SINDHUTRAD,416320.77
DCBBANK,414644.30
PAISALO,414447.30
AMIORG,413799.91
LAOPALA,412476.00
THANGAMAYL,409213.97
AZAD,409091.47
SHARDACROP,408518.40
SSWL,406760.81
TDPOWERSYS,406120.35
JTLIND,406021.51
EPIGRAL,405965.82
TIMETECHNO,400983.66
TARC,400445.73
FCL,400134.04
VMART,396462.00
RAJRATAN,396216.88
LGBBROSLTD,394995.07
NUCLEUS,393099.33
LUXIND,390931.85
ASHOKA,390907.08
DELTACORP,390811.92
BCG,390467.88
NEOGEN,390461.97
WABAG,390431.51
KIRLPNU,390087.07
SHARDAMOTR,388458.61
JTEKTINDIA,388112.74
ITDC,386948.65
BOROLTD,386084.37
ASHAPURMIN,385156.47
IFBIND,380653.83
SUDARSCHEM,380057.60
SUNFLAG,377289.41
HATHWAY,375262.15
HIKAL,374772.63
TATVA,374693.94
BALMLAWRIE,374241.92
BHARATRAS,374138.25
KOLTEPATIL,371357.54
HLEGLAS,368565.33
HINDWAREAP,367916.35
FLAIR,367460.99
INDOCO,364178.20
SAMHI,362919.80
AVALON,361719.41
ORCHPHARMA,361373.62
HARSHA,357894.38
KDDL,356254.72
BAJAJHIND,355106.06
SANGHVIMOV,354095.84
ESAFSFB,353653.76
SUBROS,353479.91
PILANIINVS,352806.17
GULFOILLUB,352562.82
GREAVESCOT,352523.95
EMUDHRA,352496.76
IDEAFORGE,350450.50
KIRLOSIND,349405.26
UFLEX,348709.27
GANESHHOUC,347348.92
DYNAMATECH,347232.90
MAITHANALL,346631.23
TVSSRICHAK,346420.26
LANDMARK,342989.29
KSCL,342577.12
NAVNETEDUL,341808.12
TASTYBITE,341507.66
THYROCARE,340776.95
SAKSOFT,339278.18
TATAMETALI,339173.93
GMRP&UI,338918.33
DISHTV,336949.86
CARTRADE,334374.28
DALMIASUG,333996.03
NILKAMAL,333988.49
SAGCEM,332846.77
DCXINDIA,330117.89
POLYPLEX,330044.65
TRIL,329822.09
SANGHIIND,327815.69
SHALBY,326837.56
VSTTILLERS,326427.29
GRWRHITECH,325694.93
NRBBEARING,325514.55
SUNDARMHLD,324382.69
AUTOAXLES,324227.42
YATHARTH,323955.85
BANARISUG,320608.78
GENSOL,320234.28
BOMDYEING,318063.75
PFOCUS,317958.15
GUFICBIO,317328.17
SBCL,317139.92
BAJAJCON,313241.95
INNOVACAP,309815.77
INOXGREEN,308579.91
SUNCLAY,305858.83
SOMANYCERA,304625.02
MOLDTKPAC,303914.98
JCHAC,303504.65
DIVGIITTS,299942.06
PRAKASH,299424.83
APOLLO,299299.77
SANDHAR,296860.57
GREENPLY,295001.59
SWARAJENG,294303.69
WENDT,293255.00
STYLAMIND,291811.70
CIGNITITEC,291291.90
MPSLTD,290516.63
IFGLEXPOR,288098.26
KINGFA,287817.22
SHILPAMED,286706.67
DREAMFOLKS,286605.05
SEPC,286133.43
IMAGICAA,286007.68
UNICHEMLAB,285776.94
MUKANDLTD,285739.98
VENUSPIPES,284257.17
SEQUENT,283730.60
CARERATING,283319.34
PGIL,282837.41
HERITGFOOD,281450.27
BSHSL,280812.16
TARSONS,280556.72
PARAS,280371.44
MAHLOG,279392.21
JINDALPOLY,277671.54
FIEMIND,276060.33
PSPPROJECT,275940.00
ISMTLTD,275409.52
VENKEYS,274900.26
BBL,273125.77
PARAGMILK,272722.77
DEN,272494.82
ZAGGLE,272092.63
IOLCP,271982.59
ASHIANA,271970.00
PFS,269759.00
ANUP,269593.19
IMFA,269419.83
APOLLOPIPE,269417.88
VPRPL,269168.72
DCAL,268020.70
GANDHAR,267135.68
GOODLUCK,266733.07
OPTIEMUS,266500.72
SEAMECLTD,265920.08
SATIN,265351.26
APCOTEXIND,264253.76
GIPCL,263479.57
LUMAXTECH,262747.95
DOLLAR,262141.91
BARBEQUE,261050.05
UNIPARTS,260850.55
VINDHYATEL,259433.17
MBAPL,259069.05
GOCLCORP,257033.36
DIAMONDYD,255774.83
CONFIPET,255263.16
STYRENIX,253874.88
SUPRIYA,253319.61
EVEREADY,251606.95
GLOBUSSPR,251563.21
BEPL,250849.33
UGROCAP,249557.12
MOREPENLAB,248172.41
MAYURUNIQ,247694.88
HMT,247428.24
MUFIN,247330.09
TIDEWATER,246401.50
IKIO,246023.11
REPCOHOME,245490.78
AXISCADES,245144.03
FOSECOIND,244764.23
ARTEMISMED,244752.69
SOTL,243268.01
ANDHRAPAP,242537.58
SIYSIL,242525.81
HONDAPOWER,242475.18
HINDOILEXP,240974.07
INDIAGLYCO,237768.84
TCNSBRANDS,237357.00
PRECAM,236799.69
EMSLIMITED,235672.74
SKIPPER,234652.77
DHANI,234054.54
MMFL,233598.45
VISHNU,233538.92
ALEMBICLTD,232387.55
LUMAXIND,231800.38
KRSNAA,227965.73
CAMLINFINE,227403.63
YATRA,226900.82
MANORAMA,226184.35
PITTIENG,226145.27
TIRUMALCHM,224793.12
UDS,224754.71
SIRCA,224633.87
SESHAPAPER,223355.82
BFUTILITIE,222804.02
RISHABH,221257.78
IRMENERGY,220962.65
RPGLIFE,220936.43
CARYSIL,220453.76
SDBL,220439.93
ADFFOODS,219891.99
ORIENTHOT,218158.90
FILATEX,218154.98
PCJEWELLER,217343.62
63MOONS,217237.26
FINOPB,217147.72
EVERESTIND,217072.18
RPSGVENT,216761.30
HUHTAMAKI,216672.43
PRECWIRE,215193.53
GTPL,214916.87
ASTEC,214769.83
XPROINDIA,214515.74
SADHNANIQ,214076.15
GANECOS,214026.32
GREENPOWER,213797.83
JINDRILL,213561.76
RUPA,213483.68
SANGAMIND,213472.51
ARMANFIN,212349.41
ATFL,212171.00
HIL,212170.73
MTNL,211995.00
KSL,211520.90
ACCELYA,211303.61
SASKEN,210915.38
BHARATWIRE,210127.64
SHRIRAMPPS,208054.92
INDOSTAR,207965.32
SALASAR,207576.22
VIDHIING,207471.53
TNPL,207181.93
PARACABLES,206411.94
KIRIINDUS,206403.83
TCPLPACK,205905.70
ADORWELD,205704.01
MANGLMCEM,205171.09
JAGRAN,203833.23
RIIL,203570.65
SPECTRUM,202809.97
EXPLEOSOL,201593.65
BFINVEST,201333.47
SHK,201333.06
PANAMAPET,200778.25
VAKRANGEE,200777.77
FMGOETZE,200637.28
AEROFLEX,200446.57
TTKHLTCARE,200276.27
INSECTICID,200199.77
VERANDA,198596.96
THEJO,198188.10
KCP,198151.82
MOL,197856.46
CANTABIL,196706.86
THEMISMED,196663.19
MARATHON,195917.28
ARVSMART,194728.23
QUICKHEAL,192642.35
SJS,192062.55
SMLISUZU,191336.87
GNA,191084.99
SUBEXLTD,190800.00
DPSCLTD,190375.87
RAMCOIND,188332.26
JASH,188196.66
SHAKTIPUMP,188120.90
MUFTI,187439.98
GEOJITFSL,187009.92
BUTTERFLY,185938.39
YASHO,185829.76
TALBROAUTO,184505.44
CAPACITE,184111.91
RANEHOLDIN,183505.54
GOKULAGRO,183101.31
GOLDIAM,182139.08
VADILALIND,181794.60
NITINSPIN,181731.15
NELCO,181269.37
MADRASFERT,178339.14
VSSL,177740.55
HLVLTD,177670.54
RAMASTEEL,177608.10
ROSSELLIND,176909.56
PIXTRANS,176112.52
SUVEN,176094.53
5PAISA,176037.88
UNITECH,175292.17
PNBGILTS,174789.84
CENTUM,173845.64
AMRUTANJAN,173304.77
HARIOMPIPE,172766.77
MANINDS,171413.91
BCLIND,170983.95
PREMEXPLN,170745.56
WHEELS,169638.40
NDTV,169172.60
DHAMPURSUG,168292.54
PENIND,168277.95
DCW,167943.20
DREDGECORP,167790.00
NSIL,167254.01
SPCENET,166583.16
GTLINFRA,166491.27
SURYODAY,166250.55
UNIVCABLES,165579.35
SICALLOG,165373.79
HIMATSEIDE,165161.89
FAIRCHEMOR,164473.52
DEEPINDS,164096.00
DWARKESH,163633.98
IGARASHI,163324.02
SHANKARA,163075.64
SERVOTECH,162999.51
PUNJABCHEM,161916.02
ACLGATI,161689.65
CONTROLPR,160238.01
COSMOFIRST,160097.08
HPL,160076.06
BHAGCHEM,159708.56
AHL,159313.68
HERANBA,159233.59
ATULAUTO,158765.07
GVKPIL,158651.37
INDRAMEDCO,158090.09
SIGACHI,158016.45
NPST,157924.82
HITECH,157591.40
SPIC,157312.16
AJMERA,156115.71
MVGJL,155725.64
VASCONEQ,155143.29
GENESYS,155068.25
UTTAMSUGAR,154688.21
NIITLTD,154648.10
SHAILY,154183.63
NAVKARCORP,153755.34
GEPIL,152942.50
BAJEL,152855.39
SPAL,152286.99
APTECHT,151076.35
ANDHRSUGAR,151054.19
KUANTUM,150267.97
KRISHANA,150140.17
KITEX,149758.00
CUPID,149438.95
POKARNA,148865.71
KABRAEXTRU,148861.88
STOVEKRAFT,148716.39
DPABHUSHAN,147939.12
MONARCH,147704.97
JSLL,146923.46
OMINFRAL,146670.70
SURAJEST,146657.83
MONTECARLO,146637.89
NACLIND,146627.51
KOKUYOCMLN,146192.80
PENINLAND,145969.51
MANGCHEFER,144292.20
IGPL,144243.08
BLKASHYAP,144168.88
KICL,143782.27
TAJGVK,143429.67
EKC,142559.86
JITFINFRA,142398.53
HARDWYN,141994.76
SYNCOMF,141470.00
BETA,141322.71
EIHAHOTELS,140747.61
ONWARDTEC,140613.56
KSOLVES,140137.92
ALICON,139963.55
AVTNPL,139568.29
SATIA,139150.00
VALIANTORG,138964.46
SUMMITSEC,138921.40
AGARIND,138367.03
NGLFINE,137797.74
SHREDIGCEM,137597.14
AWHCL,137482.89
NELCAST,137374.89
OMAXE,136992.50
MANALIPETC,136395.39
HEUBACHIND,136044.12
INDORAMA,136039.95
COFFEEDAY,134989.85
OAL,134681.61
AVADHSUGAR,133823.14
DCMSRIND,133359.02
TEXINFRA,133288.21
RML,133155.61
REFEX,133155.36
ROTO,132226.04
GULPOLY,131882.61
MARINE,131638.29
SASTASUNDR,130486.67
RAMRAT,130306.00
SATINDLTD,130160.84
BLISSGVS,130132.94
SOLARA,130000.52
ATL,129113.00
MATRIMONY,129032.76
GMBREW,128948.04
STERTOOLS,128588.42
SHALPAINTS,128329.48
CLSEL,127859.47
INDIANHUME,127858.66
TVTODAY,127780.34
REPRO,125887.62
IMPAL,125736.00
STEELCAS,124496.24
HESTERBIO,124021.58
JYOTISTRUC,122781.11
ZOTA,122115.70
LINCOLN,122081.19
INDNIPPON,120979.38
XCHANGING,120037.50
CENTRUM,117529.25
RICOAUTO,117224.45
FOCUS,117217.20
KOPRAN,116312.90
BIGBLOC,116021.33
SHIVALIK,115745.78
GICHSGFIN,115537.46
JAYBARMARU,115069.75
DLINKINDIA,114858.19
TFCILTD,114818.20
INNOVANA,114810.25
EXCELINDUS,114135.60
ONMOBILE,113808.61
GRMOVER,113550.00
REMUS,112736.79
TRACXN,112594.73
HERCULES,112400.00
AGSTRA,111630.13
TREL,111545.77
ARIHANTSUP,111543.58
DVL,111186.08
UNIENTER,110473.58
LIKHITHA,110341.65
GANESHBE,109928.61
SKYGOLD,109431.79
SPORTKING,109094.56
FAZE3Q,108280.35
KAMOPAINTS,107855.20
CHEMCON,107291.32
RAJRILTD,107045.88
GFLLIMITED,106774.20
INFOBEAN,106524.32
CREATIVE,106169.81
SMCGLOBAL,106113.45
SNOWMAN,106100.88
CONSOFINVT,105965.83
NINSYS,105725.30
ASIANENE,105467.17
MKPL,105166.72
GIRIRAJ,104664.15
SBGLP,104084.55
BODALCHEM,104027.97
RUSHIL,103950.50
V2RETAIL,103906.38
VISHNUINFR,103902.03
BAJAJHCARE,103769.98
CSLFINANCE,103683.71
RAMCOSYS,102989.62
PANACEABIO,102840.00
RSWM,102446.16
NAHARSPING,102281.20
JAGSNPHARM,101884.02
SKMEGGPROD,101633.80
DBOL,101539.82
NCLIND,100575.11
SMSPHARMA,100481.96
ACL,100421.55
VHL,100336.12
NDRAUTO,99856.65
LINC,99473.32
ALLSEC,99430.08
ONEPOINT,99185.00
RGL,99111.51
DENTALKART,99100.29
STEELXIND,98628.33
KAMDHENU,98556.99
AMBIKCO,98364.09
KELLTONTEC,97859.99
ICEMAKE,97329.41
SPENCERS,97124.55
MOTISONS,96624.75
SRHHYPOLTD,96294.65
MAGADSUGAR,96062.64
GPTINFRA,95983.80
SCHAND,95967.36
ASIANTILES,95439.22
DYCL,95386.66
SUTLEJTEX,95266.34
E2E,95231.85
WEBELSOLAR,95189.47
RADIANTCMS,95023.39
PPL,94991.74
CENTENKA,94929.88
ZEEMEDIA,94439.73
GANDHITUBE,94170.25
MSPL,93848.55
YUKEN,92963.00
HIRECT,92469.48
EIMCOELECO,92291.28
UGARSUGAR,92137.50
AMNPLST,92103.48
HPAL,92058.48
SREEL,91960.13
ORIENTPPR,91770.37
SPECIALITY,90853.00
JUBLINDS,90688.88
TRU,90597.01
ORIANA,90340.45
TNPETRO,90241.39
VIMTALABS,89448.33
DPWIRES,89323.96
KERNEX,89224.05
WINDLAS,89173.89
DHARMAJ,88667.21
VINYAS,88596.47
INDOAMIN,88371.95
SILVERTUC,88139.29
GKWLIMITED,87856.71
ASALCBR,87512.37
MUNJALAU,87100.00
ENIL,87022.34
BLAL,86870.43
ROHLTD,86841.94
CHEVIOT,86727.24
WALCHANNAG,86663.66
MANAKSIA,86144.51
HITECHGEAR,86032.51
FOODSIN,85949.91
PAKKA,85719.39
BIRLACABLE,85680.00
KOTHARIPET,85474.40
SAKAR,85410.31
KOTYARK,85351.58
TBZ,85315.10
SANDESH,85015.95
HEXATRADEX,84993.98
BCONCEPTS,84830.27
VINYLINDIA,83470.53
OCCL,82847.83
DMCC,82688.35
3IINFOLTD,82610.91
STCINDIA,82440.00
CREST,82035.58
DENORA,81466.30
SWELECTES,80189.84
ZUARI,79468.60
DECCANCE,79128.37
DSSL,78678.06
MOLDTECH,78515.48
RUBYMILLS,78065.68
DHANBANK,77548.20
URJA,77241.65
NAGAFERT,77150.39
MAANALU,76962.76
MENONBE,76942.92
SUKHJITS,76594.67
PLASTIBLEN,76434.24
MEDICAMEQ,76305.11
GSLSU,76266.08
ADSL,75744.01
VALIANTLAB,75255.40
BALAJITELE,75241.05
JAYAGROGN,74940.00
SELAN,74898.00
MICEL,74848.86
VISAKAIND,74610.51
ESTER,74053.66
EMKAYTOOLS,73952.11
KECL,73520.38
ELIN,73421.16
INDOBORAX,72988.71
ARIHANTCAP,72358.40
DHUNINV,72187.54
NECLIFE,72099.90
SEMAC,71919.81
EMAMIPAP,71903.12
BHAGERIA,71336.41
ELDEHSG,71299.08
VLSFINANCE,71160.73
VIKASLIFE,71128.21
SHREEPUSHK,71031.73
FCSSOFT,70946.45
PYRAMID,70829.13
CHEMBOND,70576.62
MAXIND,70454.69
INDOTECH,70346.88
BGRENERGY,70141.04
APEX,69921.88
MEDICO,69540.59
BASILIC,68511.52
MALLCOM,68427.84
NRAIL,67770.06
SALZERELEC,67414.94
AXITA,67176.60
OSWALGREEN,67027.19
KHAICHEM,66971.04
HMVL,66930.60
HCL-INSYS,66829.62
HINDCOMPOS,66785.42
CELLECOR,66708.99
GHCLTEXTIL,66575.50
KAMATHOTEL,66562.73
ASAL,66551.15
TVSELECT,66423.11
ARROWGREEN,66319.03
ESSARSHPNG,66232.34
IRISDOREME,66194.57
RBL,65931.93
RITCO,65768.67
JETAIRWAYS,65432.09
VERTOZ,65249.15
LOKESHMACH,65206.88
DIGISPICE,65113.90
JPOLYINVST,64606.32
GRPLTD,64066.65
KHADIM,64043.70
MIRZAINT,63987.48
VLEGOV,63888.65
HUBTOWN,63587.78
SBC,63492.00
APCL,62421.37
DEEPENR,62336.00
20MICRONS,62174.82
MUTHOOTCAP,61702.92
RACE,61571.45
ACCENTMIC,61529.73
SHREYAS,61250.54
INDSWFTLAB,61184.44
GLOBAL,61112.34
ORIENTCER,61075.81
JINDALPHOT,60934.46
KRISHIVAL,60642.78
THEINVEST,60627.09
MACPOWER,59794.86
KILITCH,59392.00
STEL,59380.27
MINDTECK,59309.36
ORIENTBELL,59256.16
HTMEDIA,59234.45
RADIOCITY,59112.24
NIPPOBATRY,59013.75
OSIAHYPER,58884.76
ZUARIIND,58773.17
KANORICHEM,58701.99
BIRLAMONEY,58628.30
POCL,58437.77
MUNJALSHOW,57752.78
INTLCONV,57706.58
AARTISURF,57171.79
BBTCL,56990.48
CYBERTECH,56832.29
COOLCAPS,56759.60
ZIMLAB,56205.23
RATNAVEER,55967.89
PRIMESECU,55955.59
BEDMUTHA,55671.33
ALBERTDAVD,55664.80
KRITI,55506.34
NAHARPOLY,55433.63
WINDMACHIN,55386.83
UNIDT,54818.44
NAHARINDUS,54784.68
CLEDUCATE,54778.72
PTL,54671.70
WEL,54454.15
VENUSREM,54303.39
DIAMINESQ,54101.32
WSI,53501.33
GOKUL,53407.80
SARVESHWAR,53345.47
MMP,52939.05
RADHIKAJWE,52628.00
ORICONENT,52532.46
CHEMFAB,52439.25
SAHANA,52413.01
MAZDA,52383.40
GOACARBON,52325.72
ANNAPURNA,52274.34
PROZONER,51808.68
ASMS,51778.05
EXXARO,51675.94
DONEAR,51636.00
DOLPHIN,51285.87
NAHARCAP,51226.52
AUTOIND,50885.89
PHANTOMFX,50540.88
TIRUPATI,50042.40
PAVNAIND,49971.73
BANSWRAS,49704.99
MEGASOFT,49536.58
GENUSPAPER,49496.74
PDMJEPAPER,49279.05
NDLVENTURE,48251.43
ALLETEC,48102.53
SIGMA,47882.86
ORBTEXP,47858.44
GEECEE,47825.12
VARDHACRLC,47695.88
GEEKAYWIRE,47556.60
LIBERTSHOE,47490.48
ADVANIHOTR,47397.84
MBLINFRA,47349.09
SARLAPOLY,47346.20
SOUTHWEST,47322.47
UNIVPHOTO,47179.86
VIKASECO,47024.99
EUROBOND,47015.50
SHIVAMAUTO,46994.44
PARSVNATH,46781.98
NEWJAISA,46666.03
KRISHNADEF,46471.32
RBZJEWEL,46300.00
IFBAGRO,46156.44
SPMLINFRA,46063.74
WEALTH,45965.67
SIMPLEXINF,45799.97
SILINV,45578.09
NBIFIN,45530.76
OSWALAGRO,45505.59
DICIND,45454.29
MODISONLTD,45235.30
SGIL,44954.60
ASIANHOTNR,44800.79
SAHYADRI,44409.14
AVG,44286.79
BALAXI,44230.27
RPPINFRA,44068.25
KAYA,43999.86
HITECHCORP,43944.03
PLAZACABLE,43883.33
CINELINE,43874.31
SHYAMCENT,43707.64
KOTARISUG,43682.28
GOLDTECH,43607.99
SHEMAROO,43587.60
KRITINUT,43514.91
OSWALSEEDS,43257.69
UFO,43184.85
ESFL,42899.09
KORE,42850.50
NURECA,42790.75
LORDSCHLO,42748.99
SHIVAUM,42338.05
BRNL,41849.08
BPL,41653.88
SAKUMA,41634.30
TRIGYN,41422.21
EMAMIREAL,41325.53
WANBURY,41275.70
DUGLOBAL,41246.71
ALANKIT,41206.41
NRL,41138.23
BIL,41048.04
LYKALABS,40948.88
IITL,40926.66
IL&FSENGG,40778.66
GOLDSTAR,40438.44
KCPSUGIND,40308.39
TPLPLASTEH,40288.55
CLOUD,40225.84
PODDARMENT,40185.38
CRAYONS,40175.14
HIGREEN,40096.46
RUCHIRA,39977.36
SHREERAMA,39973.67
FOCE,39926.27
VMARCIND,39795.22
NATHBIOGEN,39414.30
VINSYS,39336.84
APOLSINHOT,39266.04
EIFFL,39258.40
NDL,38487.29
REMSONSIND,38462.32
SAAKSHI,38419.46
SYSTANGO,38248.90
VIPCLOTHNG,38200.89
MAWANASUG,37806.45
BROOKS,37690.32
RAMAPHO,37651.16
TIL,37628.54
PVP,37628.33
KOTHARIPRO,37454.05
RBMINFRA,37410.51
ANMOL,37221.85
IVC,37055.86
AURUM,36960.93
SADBHAV,36716.15
KODYTECH,36649.24
MEGASTAR,36618.54
MAHEPC,36593.69
MIRCELECTR,36490.51
RANASUG,36395.57
BEWLTD,36320.31
SRGHFL,36237.50
DRONE,36170.55
DYNPRO,36079.15
STARPAPER,36070.90
ASAHISONG,36045.45
DEVIT,36023.31
INSPIRISYS,35952.31
SHREYANIND,35772.19
NILAINFRA,35646.97
URAVI,35596.00
AYMSYNTEX,35520.68
REPL,35508.77
ROXHITECH,35453.43
PRAXIS,35424.94
HINDMOTORS,35263.42
PONNIERODE,35167.53
SCPL,35122.50
SKP,35026.00
EMKAY,35001.45
SMLT,34943.09
STARTECK,34839.77
COASTCORP,34821.51
SINTERCOM,34767.64
TIPSFILMS,34654.42
SOLEX,34560.00
PREMIERPOL,34376.48
AIRAN,34317.99
CAREERP,34302.79
PROV,34275.41
SAKHTISUG,34109.67
TAKE,34098.79
IZMO,33731.18
KNAGRI,33498.54
PPAP,33397.00
PASUPTAC,33335.79
BHAGYANGR,33210.81
PRECOT,32844.00
ZODIACLOTH,32817.07
MHLXMIRU,32800.72
ASHIMASYN,32773.87
SAH,32760.92
INFINIUM,32702.88
SHERA,32575.94
RVHL,32493.52
LOYALTEX,32489.34
UCAL,32473.86
DCMNVL,32405.89
MANORG,32399.28
HARRMALAYA,32075.49
ESSENTIA,31992.31
LGHL,31662.67
GSS,31511.00
MANAKSTEEL,31292.51
VISHWARAJ,31171.48
LGBFORGE,31085.42
BASML,30832.31
MURUDCERA,30751.57
JAYSREETEA,30725.65
GUJAPOLLO,30721.30
DELPHIFX,30690.72
PILITA,30667.50
ELECTHERM,30589.13
ABAN,30554.25
TEMBO,30329.88
INDTERRAIN,30074.05
SURANI,30023.50
KRITIKA,29956.50
HINDCON,29664.97
PRITIKAUTO,29653.29
AARON,29545.01
MWL,29535.56
VIRINCHI,29401.05
RAJMET,29168.64
ZODIAC,29040.06
KMSUGAR,29026.05
ELGIRUBCO,28953.93
MARALOVER,28744.29
ZEAL,28615.96
USASEEDS,28595.72
RAJTV,28396.60
PARAGON,28370.70
MCLEODRUSS,28359.73
PRITI,28059.47
GULFPETRO,27939.44
TRF,27912.69
MEP,27883.80
EQUIPPP,27835.71
MANOMAY,27605.54
SUPERHOUSE,27435.71
SECL,27229.84
GOYALSALT,27118.88
EFORCE,27085.50
NECCLTD,27034.92
PROPEQUITY,26818.46
FROG,26760.54
BAIDFIN,26655.16
ARIES,26600.38
KRISHCA,26554.00
PAR,26541.10
SELMC,26342.09
SUNDRMBRAK,26292.80
RANEENGINE,25942.76
RAMANEWS,25816.36
SUPREMEPWR,25715.88
KAPSTON,25380.44
IRIS,25208.23
ABINFRA,25203.94
KANPRPLA,25129.28
SEJALLTD,25037.90
TARACHAND,25001.25
RUCHINFRA,24998.23
GINNIFILA,24667.22
BTML,24660.86
AHLEAST,24640.67
SVLL,24479.91
SPECTSTM,24409.40
RHL,24407.23
LAL,24399.30
BYKE,24279.22
COMPUSOFT,23974.93
AKSHARCHEM,23974.78
SARTELE,23962.50
RPPL,23916.96
ALMONDZ,23914.49
INTENTECH,23901.60
MGEL,23861.89
HILTON,23845.50
NDGL,23799.00
DUCON,23784.55
SJLOGISTIC,23752.33
GILLANDERS,23711.35
CANARYS,23597.25
MAHESHWARI,23588.97
CORALFINAC,23576.80
GREENCHEF,23469.65
AURDIS,23370.00
SOFTTECH,23348.69
AARVI,23321.76
DTIL,23289.71
IVP,23177.30
PALREDTEC,23131.78
EROSMEDIA,23115.30
INDOTHAI,22965.00
NITCO,22779.29
WELINV,22752.77
MAGNUM,22717.77
QMSMEDI,22696.28
ATAM,22530.53
GENCON,22487.36
CCHHL,22476.40
GIRRESORTS,22472.06
RELCHEMQ,22430.78
ARSHIYA,22395.45
VITAL,22334.40
LLOYDS,22275.00
MADHAVBAUG,22246.46
KEL,22177.25
CHAVDA,22042.46
ASCOM,22016.80
SHIGAN,21992.03
VETO,21991.76
MOS,21943.32
INDOWIND,21896.30
INVENTURE,21840.00
SWASTIK,21802.73
SUVIDHAA,21782.11
BAFNAPH,21763.83
ALPA,21734.94
BSL,21665.01
INFOLLION,21610.72
TTL,21519.55
LOVABLE,21519.20
TEXMOPIPES,21429.13
ZEELEARN,21359.07
USK,21340.18
MODIRUBBER,21284.45
TREJHARA,21269.34
MAHAPEXLTD,21267.60
DCI,21162.00
DIGIKORE,21005.90
SURANAT&P,20974.91
IEL,20924.55
TOTAL,20908.62
EFACTOR,20744.64
VIPULLTD,20697.32
SALSTEEL,20646.91
A2ZINFRA,20606.02
RHFL,20593.62
FRETAIL,20335.65
DENEERS,20160.49
LATTEYS,20066.04
SPLIL,19952.00
KDL,19942.56
JOCIL,19898.22
TARMAT,19854.23
NOIDATOLL,19829.77
ATLANTAA,19763.75
UNIHEALTH,19727.34
UNITEDPOLY,19725.88
AKSHOPTFBR,19686.45
SRIVASAVI,19680.83
ARCHIDPLY,19656.42
AIROLAM,19555.11
ROCKINGDCE,19486.77
ASPINWALL,19350.26
VAISHALI,19279.81
KBCGLOBAL,19244.08
KAKATCEM,19216.98
SIGIND,19192.92
ARVEE,19059.09
AVONMORE,18986.17
VISESHINFO,18872.18
JMA,18809.61
AKI,18740.54
NILASPACES,18709.74
RAJSREESUG,18622.21
SHIVATEX,18549.64
FELIX,18498.11
MANAKCOAT,18480.60
BAHETI,18476.72
EMMBI,18406.71
GLOBALVECT,18361.00
TOUCHWOOD,18284.05
WEIZMANIND,18237.87
SHAH,18229.92
SMARTLINK,18089.66
DRCSYSTEMS,18081.60
NIRMAN,18076.13
ALPHAGEO,18066.39
PASHUPATI,18035.12
UMAEXPORTS,18003.73
BEARDSELL,17904.40
SHRITECH,17851.73
ISFT,17847.43
TECHLABS,17808.14
BHARATGEAR,17750.45
GVPTECH,17670.48
NIRAJ,17547.87
CAPTRUST,17547.62
RKEC,17537.13
BAGFILMS,17500.68
ARHAM,17364.15
MUKTAARTS,17356.73
LOTUSEYE,17344.14
TRANSTEEL,17333.34
DANGEE,17322.19
DYNAMIC,17255.97
WORTH,17223.72
AHLADA,17152.63
SIKKO,17136.00
KOHINOOR,17108.51
DUCOL,17106.31
FCONSUMER,16974.79
KREBSBIO,16892.72
PRAKASHSTL,16887.54
INDBANK,16863.72
XELPMOC,16693.15
AMJLAND,16687.00
UMANGDAIRY,16656.42
DJML,16528.70
JHS,16517.17
CADSYS,16505.50
SURANASOL,16385.80
RILINFRA,16381.70
SADBHIN,16378.47
URBAN,16313.28
LAMBODHARA,16256.51
UNITEDTEA,16176.38
SECURKLOUD,16120.62
SMSLIFE,16011.33
IL&FSTRANS,15954.56
MANAKALUCO,15924.77
INDIANCARD,15913.29
SUMIT,15859.38
THOMASCOTT,15850.71
BALPHARMA,15812.27
PARTYCRUS,15730.40
PANSARI,15719.57
MADHUSUDAN,15718.65
INCREDIBLE,15665.86
KARNIKA,15629.57
LAGNAM,15557.55
VARDMNPOLY,15555.85
MANGALAM,15535.43
TIRUPATIFL,15484.00
SIL,15438.95
3RDROCK,15316.15
SALONA,15300.43
AMDIND,15285.48
YUDIZ,15272.68
SWARAJ,15263.62
FIDEL,15187.49
ASTRON,15089.25
RSSOFTWARE,15052.22
CENTEXT,15040.00
LASA,14980.27
KALYANIFRG,14917.62
RMDRIP,14859.20
CMNL,14830.81
DCM,14774.10
MOTOGENFIN,14755.06
CTE,14713.45
IPSL,14636.42
CORDSCABLE,14621.32
PRAENG,14546.64
ACCURACY,14529.04
ANLON,14452.49
AARTECH,14264.90
SUNDARAM,14216.33
SONAMLTD,14211.36
SURYALAXMI,14179.19
GOYALALUM,14130.55
ARTNIRMAN,14062.71
GTL,13999.41
ALKALI,13878.76
OMAXAUTO,13859.23
FLEXITUFF,13858.09
MAHASTEEL,13854.20
SHRADHA,13729.09
GOLDKART,13722.02
TAINWALCHM,13708.70
ANIKINDS,13682.47
WIPL,13664.62
SUPREMEINF,13581.59
PULZ,13575.48
SSFL,13491.24
ABCOTS,13379.86
JAINAM,13344.08
OILCOUNTUB,13264.71
SECMARK,13237.94
GRAPHISAD,13213.91
SOTAC,13039.00
PIONEEREMB,13011.67
GICL,12958.14
AAREYDRUGS,12831.96
ENERGYDEV,12682.50
SHAHALLOYS,12630.83
MAL,12626.85
PATINTLOG,12529.63
SVPGLOB,12523.50
PARIN,12452.16
SHREEOSFM,12419.94
MITCON,12410.60
GANGESSECU,12409.57
GTECJAINX,12379.75
OBCL,12354.51
DOLLEX,12284.26
MHHL,12263.64
NITIRAJ,12188.44
SIMBHALS,12156.67
TIMESGTY,12122.76
VELS,12004.44
CROWN,11935.07
MDL,11868.46
DIL,11789.79
HPIL,11779.24
PALASHSECU,11733.64
BLBLIMITED,11709.65
DBSTOCKBRO,11707.50
UNIVASTU,11705.54
PRUDMOULI,11675.22
AAKASH,11643.75
AGRITECH,11553.30
DAMODARIND,11521.85
QUICKTOUCH,11415.50
BANKA,11405.18
BVCL,11368.08
S&SPOWER,11321.20
ONDOOR,11288.75
TOKYOPLAST,11235.41
HOMESFY,11200.36
AVROIND,11171.80
ZENITHSTL,11169.02
SYNOPTICS,11151.20
STEELCITY,11050.84
BABAFP,11020.32
HISARMETAL,11013.30
AKSHAR,10999.56
MCON,10873.97
DGCONTENT,10793.70
SOMICONVEY,10784.28
RCDL,10774.09
MRO-TEK,10743.65
AAATECH,10736.03
GRCL,10735.80
YAARI,10697.10
VIVIANA,10680.33
ARABIAN,10619.70
GROBTEA,10606.84
VERTEXPLUS,10594.81
MCL,10558.55
NIBL,10552.45
MARSHALL,10516.54
ARIHANTACA,10502.74
KHFM,10401.54
DELTAMAGNT,10384.52
PRESSTONIC,10297.19
SAMPANN,10193.11
BHANDARI,9969.72
PKTEA,9931.58
LPDC,9926.59
HOLMARC,9909.30
LEMERITE,9862.02
INDSWFTLTD,9857.97
MBECL,9812.65
MAGSON,9800.73
CINEVISTA,9706.76
PANACHE,9678.00
FIBERWEB,9674.01
ARCHIES,9661.08
REGENCERAM,9585.07
TPHQ,9473.42
AATMAJ,9412.90
SHEETAL,9405.38
SETCO,9363.71
PROLIFE,9334.50
CELEBRITY,9243.25
HECPROJECT,9230.79
GLOBALPET,9200.16
MARCO,9181.21
AGROPHOS,9163.90
HOVS,9131.35
CUBEXTUB,9128.35
AUSOMENT,9086.91
KARMAENG,9070.82
DHRUV,9064.41
WEWIN,9053.45
PENTAGON,9020.70
AUROIMPEX,9010.29
ATALREAL,8992.22
TREEHOUSE,8885.25
VINNY,8839.69
BIOFILCHEM,8812.26
AMBANIORG,8788.03
GOLDENTOBC,8733.97
RELIABLE,8668.80
ZENITHEXPO,8658.28
MONOPHARMA,8657.60
ASHOKAMET,8623.62
VASWANI,8610.00
INSPIRE,8573.86
PRITIKA,8568.63
KEYFINSERV,8562.37
LEXUS,8539.87
CPS,8502.90
CELLPOINT,8445.89
PODDARHOUS,8440.53
ORIENTLTD,8375.00
MORARJEE,8320.11
MAITREYA,8307.38
SHIVAMILLS,8304.78
PRAMARA,8267.03
CEREBRAINT,8231.01
MAHICKRA,8211.50
NAGREEKEXP,8168.55
MICROPRO,8164.96
TRIDHYA,8104.22
SECURCRED,8089.36
CLSL,8030.09
VIAZ,8024.41
AKG,7928.26
TERASOFT,7769.87
AVSL,7767.44
TAPIFRUIT,7759.44
SCML,7747.05
COMPINFO,7719.13
JAIPURKURT,7700.77
GSTL,7673.78
SHRENIK,7650.00
SAMBHAAV,7548.88
SHUBHLAXMI,7540.63
VINEETLAB,7527.32
MOKSH,7512.41
AROGRANITE,7466.40
KANANIIND,7370.58
PARASPETRO,7352.86
SOMATEX,7234.23
ICDSLTD,7203.77
PNC,7190.10
ACSAL,7179.51
ROML,7127.12
UCL,7116.63
BMETRICS,7074.35
GANGAFORGE,7046.24
MANUGRAPH,7010.67
SITINET,6976.43
ANKITMETAL,6843.86
MALUPAPER,6738.40
SHANTHALA,6667.92
AARVEEDEN,6615.66
UWCSL,6608.54
BANG,6529.14
SIDDHIKA,6518.85
PIGL,6508.16
SERVICE,6393.17
MAKS,6380.01
BANARBEADS,6344.23
REXPIPES,6303.15
AISL,6282.15
NGIL,6235.32
AKASH,6213.84
ISHAN,6108.65
TFL,6051.44
CBAZAAR,6007.14
DNAMEDIA,6003.11
GLOBE,5970.09
COMMITTED,5945.28
JETFREIGHT,5916.48
UMA,5869.41
SPYL,5859.90
FLFL,5851.47
YCCL,5829.78
BDR,5824.34
PRECISION,5739.45
MASTER,5718.00
DKEGL,5706.08
EXCEL,5642.78
DESTINY,5616.62
AJOONI,5607.28
SANGANI,5600.35
WOMANCART,5541.94
MADHAV,5484.51
LFIC,5472.00
BURNPUR,5425.83
SEYAIND,5420.39
JETKNIT,5389.82
MILTON,5344.93
VSCL,5343.19
PEARLPOLY,5294.59
HBSL,5267.60
OMFURN,5207.09
MADHUCON,5165.65
ABMINTLLTD,5164.99
AMBICAAGAR,5144.63
ADL,5126.52
KEEPLEARN,5080.11
BINANIIND,5065.64
RKDL,5052.00
AGNI,5020.44
CMRSL,5006.88
SUULD,4989.44
INDIFRA,4986.36
CYBERMEDIA,4943.01
TCLCONS,4931.64
SANGINITA,4878.13
TIMESCAN,4856.66
FSC,4849.14
3PLAND,4842.00
LIBAS,4742.02
SRPL,4712.40
SEL,4707.06
KONTOR,4702.98
VEEKAYEM,4682.96
NIDAN,4628.70
SUPERSPIN,4620.00
SAGARDEEP,4614.03
JFLLIFE,4564.35
EDUCOMP,4531.29
HAVISHA,4529.31
SONUINFRA,4462.73
TGBHOTELS,4451.53
ADROITINFO,4448.69
ARISTO,4425.07
SGL,4372.53
MARINETRAN,4371.38
ASLIND,4343.93
GODHA,4330.56
DIACABS,4319.42
LAXMICOT,4304.07
PATTECH,4188.88
JIWANRAM,4157.70
COUNCODOS,4151.46
NEXTMEDIA,4147.36
TNTELE,4133.26
ACEINTEG,4131.00
AGUL,4058.16
AGARWALFT,4056.35
BALKRISHNA,4011.33
KKVAPOW,3968.13
AMEYA,3930.00
KHANDSE,3912.60
GATECH,3893.19
TECILCHEM,3887.56
WALPAR,3880.60
WILLAMAGOR,3829.25
SHAIVAL,3825.21
BOHRAIND,3824.49
SAHAJ,3726.59
MEGAFLEX,3545.86
FMNL,3538.98
21STCENMGM,3459.75
KSHITIJPOL,3419.03
NKIND,3413.62
HEADSUP,3400.72
ROLLT,3376.76
PLADAINFO,3356.72
GUJRAFFIA,3264.32
VILINBIO,3250.35
KRIDHANINF,3222.49
VIVIDHA,3219.71
SABAR,3209.81
QUADPRO,3108.83
MITTAL,3061.56
NARMADA,3014.59
INFOMEDIA,3011.65
IMPEXFERRO,2989.67
KAUSHALYA,2943.60
QFIL,2939.62
CONTI,2885.81
MINDPOOL,2870.91
KAVVERITEL,2867.71
UNIINFO,2865.76
MTEDUCARE,2853.01
LCCINFOTEC,2848.35
KHAITANLTD,2845.25
CALSOFT,2813.19
SILGO,2798.58
MOXSH,2778.59
ORIENTALTL,2763.87
SUNREST,2722.77
RICHA,2721.60
HYBRIDFIN,2708.14
VCL,2664.41
RITEZONE,2654.49
SUPREMEENG,2624.48
VERA,2566.20
LRRPL,2499.84
MOHITIND,2463.42
WINSOME,2404.05
OLIL,2385.72
MASKINVEST,2309.99
PERFECT,2301.40
ANTGRAPHIC,2247.64
ONELIFECAP,2237.80
MPTODAY,2215.48
TECHIN,2148.90
SAROJA,2130.86
LYPSAGEMS,2122.85
SPENTEX,2109.64
SHANTI,1976.87
NAGREEKCAP,1961.68
EASTSILK,1894.86
ORTINLAB,1878.35
GRETEX,1872.06
TIJARIA,1832.10
OMKARCHEM,1821.15
VIVO,1813.50
SILLYMONKS,1720.60
SPRL,1700.03
AILIMITED,1683.03
DIGJAMLMTD,1650.00
UMESLTD,1637.78
VIJIFIN,1567.50
KANDARP,1525.41
BRIGHT,1524.94
TVVISION,1511.04
KCK,1485.00
AMIABLE,1433.52
JAKHARIA,1373.57
BLUECHIP,1354.96
ARENTERP,1321.03
GLFL,1302.04
NORBTEAEXP,1292.50
INNOVATIVE,1214.43
KALYANI,1193.00
TRANSWIND,1177.26
DRL,1161.01
SMVD,1078.24
EUROTEXIND,1032.48
RADAAN,1029.07
SHYAMTEL,1014.30
TARAPUR,1004.25
SABTN,978.45
MANAV,967.29
PREMIER,956.74
BKMINDST,917.48
ACCORD,876.68
ALPSINDUS,860.51
DCMFINSERV,854.58
ABNINT,839.06
SANCO,837.25
AHIMSA,823.84
CREATIVEYE,812.36
UNIVAFOODS,794.92
JALAN,785.01
BLUECOAST,771.28
NIRAJISPAT,672.00
SABEVENTS,639.51
MELSTAR,607.03
LAKPRE,590.85
BHALCHANDR,476.00
SKSTEXTILE,425.36
VASA,341.58